,sampling,evaluations,regression,shapiq_post_processing,total,game_id,id_explain,approximator,budget,n_players,id_config_approximator
0,0.0007855892181396484,0.23131012916564941,0.002305269241333008,5.412101745605469e-05,0.23445510864257812,CIFAR10_1,0,LeverageSHAP,16,16,37
0,0.0015399456024169922,0.5223314762115479,0.00026607513427734375,2.6226043701171875e-05,0.5241637229919434,CIFAR10_1,0,LeverageSHAP,37,16,37
0,0.0020885467529296875,1.1656172275543213,0.00026726722717285156,2.384185791015625e-05,1.167996883392334,CIFAR10_1,0,LeverageSHAP,81,16,37
0,0.004067420959472656,2.5579674243927,0.0003185272216796875,3.0279159545898438e-05,2.5623836517333984,CIFAR10_1,0,LeverageSHAP,179,16,37
0,0.009244441986083984,5.665705919265747,0.00041866302490234375,3.528594970703125e-05,5.67540431022644,CIFAR10_1,0,LeverageSHAP,393,16,37
0,0.021837949752807617,12.711778402328491,0.0006451606750488281,3.886222839355469e-05,12.734300374984741,CIFAR10_1,0,LeverageSHAP,863,16,37
0,0.04823136329650879,28.75503945350647,0.0009050369262695312,2.9325485229492188e-05,28.804205179214478,CIFAR10_1,0,LeverageSHAP,1894,16,37
0,0.1066436767578125,85.23827838897705,0.0021598339080810547,4.9591064453125e-05,85.3471314907074,CIFAR10_1,0,LeverageSHAP,4156,16,37
0,0.3102998733520508,297.13645219802856,0.0039920806884765625,3.5762786865234375e-05,297.45077991485596,CIFAR10_1,0,LeverageSHAP,9117,16,37
0,0.6443612575531006,467.99142384529114,0.0069658756256103516,3.838539123535156e-05,468.6427893638611,CIFAR10_1,0,LeverageSHAP,20000,16,37
0,0.0010766983032226562,0.35311269760131836,0.0015742778778076172,2.5033950805664062e-05,0.3557887077331543,CIFAR10_1,0,PolySHAP-2ADD,16,16,37
0,0.00138092041015625,0.779620885848999,0.008421897888183594,3.266334533691406e-05,0.7894563674926758,CIFAR10_1,0,PolySHAP-2ADD,37,16,37
0,0.0022606849670410156,1.6595509052276611,0.003630399703979492,2.8848648071289062e-05,1.665470838546753,CIFAR10_1,0,PolySHAP-2ADD,81,16,37
0,0.008441686630249023,3.817939519882202,0.0055081844329833984,2.956390380859375e-05,3.831918954849243,CIFAR10_1,0,PolySHAP-2ADD,179,16,37
0,0.016998291015625,8.333193063735962,0.008046865463256836,3.0279159545898438e-05,8.35826849937439,CIFAR10_1,0,PolySHAP-2ADD,393,16,37
0,0.043938636779785156,18.290820121765137,0.010857820510864258,3.123283386230469e-05,18.34564781188965,CIFAR10_1,0,PolySHAP-2ADD,863,16,37
0,0.09252667427062988,40.28505611419678,0.017360448837280273,3.2901763916015625e-05,40.3949761390686,CIFAR10_1,0,PolySHAP-2ADD,1894,16,37
0,0.17476105690002441,89.17530965805054,0.03272700309753418,4.482269287109375e-05,89.38284254074097,CIFAR10_1,0,PolySHAP-2ADD,4156,16,37
0,0.2943401336669922,197.5973138809204,0.07265067100524902,5.459785461425781e-05,197.96435928344727,CIFAR10_1,0,PolySHAP-2ADD,9117,16,37
0,0.5398271083831787,456.07742047309875,0.179548978805542,6.890296936035156e-05,456.79686546325684,CIFAR10_1,0,PolySHAP-2ADD,20000,16,37
0,0.0028696060180664062,0.30274081230163574,0.008539915084838867,3.24249267578125e-05,0.31418275833129883,CIFAR10_1,0,PolySHAP-3ADD,16,16,37
0,0.002737760543823242,0.9956507682800293,0.009252786636352539,3.0040740966796875e-05,1.0076713562011719,CIFAR10_1,0,PolySHAP-3ADD,37,16,37
0,0.004396915435791016,2.000904083251953,0.013405561447143555,2.956390380859375e-05,2.0187361240386963,CIFAR10_1,0,PolySHAP-3ADD,81,16,37
0,0.009756088256835938,4.161006689071655,0.023596525192260742,3.3855438232421875e-05,4.194393157958984,CIFAR10_1,0,PolySHAP-3ADD,179,16,37
0,0.020834684371948242,9.40400218963623,0.05319070816040039,5.507469177246094e-05,9.478082656860352,CIFAR10_1,0,PolySHAP-3ADD,393,16,37
0,0.0523531436920166,20.02703547477722,0.13159823417663574,6.318092346191406e-05,20.211050033569336,CIFAR10_1,0,PolySHAP-3ADD,863,16,37
0,0.10398483276367188,45.21175265312195,0.21363496780395508,9.989738464355469e-05,45.52947235107422,CIFAR10_1,0,PolySHAP-3ADD,1894,16,37
0,0.18182730674743652,97.55684423446655,0.377044677734375,0.00010061264038085938,98.11581683158875,CIFAR10_1,0,PolySHAP-3ADD,4156,16,37
0,0.3017451763153076,219.30628871917725,0.7152128219604492,6.937980651855469e-05,220.32331609725952,CIFAR10_1,0,PolySHAP-3ADD,9117,16,37
0,0.5516476631164551,491.2394618988037,1.420691728591919,6.961822509765625e-05,493.2118709087372,CIFAR10_1,0,PolySHAP-3ADD,20000,16,37
0,0.08829760551452637,0.26140356063842773,0.03339362144470215,4.506111145019531e-05,0.38313984870910645,CIFAR10_1,0,PolySHAP-4ADD,16,16,37
0,0.09974527359008789,0.8877921104431152,0.037789106369018555,4.6253204345703125e-05,1.0253727436065674,CIFAR10_1,0,PolySHAP-4ADD,37,16,37
0,0.10050201416015625,1.9851129055023193,0.050507307052612305,5.340576171875e-05,2.1361756324768066,CIFAR10_1,0,PolySHAP-4ADD,81,16,37
0,0.10445666313171387,4.58710241317749,0.08214664459228516,5.435943603515625e-05,4.773760080337524,CIFAR10_1,0,PolySHAP-4ADD,179,16,37
0,0.1118621826171875,10.061854124069214,0.1599898338317871,5.53131103515625e-05,10.33376145362854,CIFAR10_1,0,PolySHAP-4ADD,393,16,37
0,0.12608075141906738,21.46869921684265,0.4602522850036621,6.699562072753906e-05,22.05509924888611,CIFAR10_1,0,PolySHAP-4ADD,863,16,37
0,0.15120840072631836,46.754377126693726,1.7985265254974365,6.818771362304688e-05,48.7041802406311,CIFAR10_1,0,PolySHAP-4ADD,1894,16,37
0,0.2281651496887207,105.49049639701843,3.840768337249756,5.984306335449219e-05,109.55948972702026,CIFAR10_1,0,PolySHAP-4ADD,4156,16,37
0,0.3338761329650879,234.94251418113708,5.688958644866943,6.0558319091796875e-05,240.9654095172882,CIFAR10_1,0,PolySHAP-4ADD,9117,16,37
0,0.5791206359863281,516.3364255428314,9.815914630889893,6.890296936035156e-05,526.731529712677,CIFAR10_1,0,PolySHAP-4ADD,20000,16,37
0,0.001588582992553711,0.2709543704986572,0.03494596481323242,5.4836273193359375e-06,0.3074944019317627,CIFAR10_1,0,RegressionMSR,16,16,37
0,0.0016694068908691406,1.1846532821655273,0.03278541564941406,4.76837158203125e-06,1.2191128730773926,CIFAR10_1,0,RegressionMSR,37,16,37
0,0.0030641555786132812,2.5508649349212646,0.03946375846862793,4.76837158203125e-06,2.593397617340088,CIFAR10_1,0,RegressionMSR,81,16,37
0,0.006810903549194336,4.443437337875366,0.049660444259643555,4.76837158203125e-06,4.499913454055786,CIFAR10_1,0,RegressionMSR,179,16,37
0,0.012654304504394531,9.204955816268921,0.061008453369140625,4.291534423828125e-06,9.27862286567688,CIFAR10_1,0,RegressionMSR,393,16,37
0,0.024721622467041016,21.423791885375977,0.08221316337585449,5.0067901611328125e-06,21.530731678009033,CIFAR10_1,0,RegressionMSR,863,16,37
0,0.046233177185058594,50.14231634140015,0.11934709548950195,5.0067901611328125e-06,50.30790162086487,CIFAR10_1,0,RegressionMSR,1894,16,37
0,0.11960244178771973,105.5787661075592,0.35346055030822754,6.198883056640625e-06,106.05183529853821,CIFAR10_1,0,RegressionMSR,4156,16,37
0,0.23598217964172363,233.61452960968018,0.44576144218444824,5.4836273193359375e-06,234.29627871513367,CIFAR10_1,0,RegressionMSR,9117,16,37
0,0.5393612384796143,511.4363520145416,0.7702038288116455,4.76837158203125e-06,512.7459218502045,CIFAR10_1,0,RegressionMSR,20000,16,37
0,0.0006272792816162109,0.2607128620147705,0.00028777122497558594,2.574920654296875e-05,0.2616536617279053,CIFAR10_1,1,LeverageSHAP,16,16,37
0,0.001392364501953125,0.8752684593200684,0.000301361083984375,3.170967102050781e-05,0.8769938945770264,CIFAR10_1,1,LeverageSHAP,37,16,37
0,0.00241851806640625,2.01533842086792,0.0003185272216796875,2.288818359375e-05,2.0180983543395996,CIFAR10_1,1,LeverageSHAP,81,16,37
0,0.005333900451660156,4.3726584911346436,0.00037741661071777344,2.3126602172851562e-05,4.378392934799194,CIFAR10_1,1,LeverageSHAP,179,16,37
0,0.009930133819580078,9.786691188812256,0.0004482269287109375,2.4557113647460938e-05,9.797094106674194,CIFAR10_1,1,LeverageSHAP,393,16,37
0,0.02205657958984375,22.507436513900757,0.0006818771362304688,2.3603439331054688e-05,22.530198574066162,CIFAR10_1,1,LeverageSHAP,863,16,37
0,0.04608440399169922,50.97696590423584,0.0009558200836181641,3.719329833984375e-05,51.0240433216095,CIFAR10_1,1,LeverageSHAP,1894,16,37
0,0.1354231834411621,111.06287050247192,0.001795053482055664,2.8371810913085938e-05,111.20011711120605,CIFAR10_1,1,LeverageSHAP,4156,16,37
0,0.2975437641143799,250.0258264541626,0.0032091140747070312,3.266334533691406e-05,250.32661199569702,CIFAR10_1,1,LeverageSHAP,9117,16,37
0,0.541752815246582,539.7017786502838,0.006893634796142578,3.743171691894531e-05,540.2504625320435,CIFAR10_1,1,LeverageSHAP,20000,16,37
0,0.0010838508605957031,0.3732421398162842,0.001550436019897461,2.5033950805664062e-05,0.375901460647583,CIFAR10_1,1,PolySHAP-2ADD,16,16,37
0,0.001401662826538086,1.0662651062011719,0.0019118785858154297,2.1696090698242188e-05,1.0696003437042236,CIFAR10_1,1,PolySHAP-2ADD,37,16,37
0,0.0023927688598632812,2.2672500610351562,0.0037004947662353516,2.9325485229492188e-05,2.2733726501464844,CIFAR10_1,1,PolySHAP-2ADD,81,16,37
0,0.008723020553588867,5.369311094284058,0.0055658817291259766,3.0994415283203125e-05,5.383630990982056,CIFAR10_1,1,PolySHAP-2ADD,179,16,37
0,0.017527103424072266,11.255611181259155,0.007978439331054688,3.123283386230469e-05,11.281147956848145,CIFAR10_1,1,PolySHAP-2ADD,393,16,37
0,0.04435992240905762,23.056227684020996,0.011063814163208008,3.5762786865234375e-05,23.111687183380127,CIFAR10_1,1,PolySHAP-2ADD,863,16,37
0,0.0941929817199707,51.15335726737976,0.017362356185913086,3.24249267578125e-05,51.2649450302124,CIFAR10_1,1,PolySHAP-2ADD,1894,16,37
0,0.17696261405944824,113.06024646759033,0.033431291580200195,4.172325134277344e-05,113.27068209648132,CIFAR10_1,1,PolySHAP-2ADD,4156,16,37
0,0.29896068572998047,250.09227561950684,0.06881427764892578,7.081031799316406e-05,250.46012139320374,CIFAR10_1,1,PolySHAP-2ADD,9117,16,37
0,0.5449936389923096,546.4537272453308,0.19040632247924805,6.794929504394531e-05,547.1891951560974,CIFAR10_1,1,PolySHAP-2ADD,20000,16,37
0,0.0026803016662597656,0.33742260932922363,0.008220195770263672,3.24249267578125e-05,0.3483555316925049,CIFAR10_1,1,PolySHAP-3ADD,16,16,37
0,0.002755880355834961,1.0777554512023926,0.009700298309326172,2.9087066650390625e-05,1.090240716934204,CIFAR10_1,1,PolySHAP-3ADD,37,16,37
0,0.004672050476074219,2.352879047393799,0.013471841812133789,3.218650817871094e-05,2.3710551261901855,CIFAR10_1,1,PolySHAP-3ADD,81,16,37
0,0.009843111038208008,5.173755884170532,0.023715496063232422,3.457069396972656e-05,5.207349061965942,CIFAR10_1,1,PolySHAP-3ADD,179,16,37
0,0.020843982696533203,11.123194456100464,0.053600311279296875,4.935264587402344e-05,11.197688102722168,CIFAR10_1,1,PolySHAP-3ADD,393,16,37
0,0.052896976470947266,24.277300596237183,0.12050962448120117,5.793571472167969e-05,24.450765132904053,CIFAR10_1,1,PolySHAP-3ADD,863,16,37
0,0.10069823265075684,51.68619394302368,0.22219204902648926,6.771087646484375e-05,52.00915193557739,CIFAR10_1,1,PolySHAP-3ADD,1894,16,37
0,0.18483424186706543,114.22957348823547,0.41399693489074707,6.699562072753906e-05,114.82847166061401,CIFAR10_1,1,PolySHAP-3ADD,4156,16,37
0,0.30173301696777344,254.85833930969238,0.7205326557159424,7.009506225585938e-05,255.88067507743835,CIFAR10_1,1,PolySHAP-3ADD,9117,16,37
0,0.551612138748169,550.0470082759857,1.4267208576202393,6.67572021484375e-05,552.0254080295563,CIFAR10_1,1,PolySHAP-3ADD,20000,16,37
0,0.08833122253417969,0.25853514671325684,0.03364872932434082,4.482269287109375e-05,0.38055992126464844,CIFAR10_1,1,PolySHAP-4ADD,16,16,37
0,0.10073018074035645,0.889876127243042,0.03908085823059082,5.888938903808594e-05,1.0297460556030273,CIFAR10_1,1,PolySHAP-4ADD,37,16,37
0,0.10145759582519531,2.4953298568725586,0.051297664642333984,6.556510925292969e-05,2.648150682449341,CIFAR10_1,1,PolySHAP-4ADD,81,16,37
0,0.10397124290466309,5.411507844924927,0.1097269058227539,6.031990051269531e-05,5.6252663135528564,CIFAR10_1,1,PolySHAP-4ADD,179,16,37
0,0.10914015769958496,11.576716423034668,0.15738773345947266,6.747245788574219e-05,11.843311786651611,CIFAR10_1,1,PolySHAP-4ADD,393,16,37
0,0.1267986297607422,25.331292390823364,0.5036189556121826,6.794929504394531e-05,25.961777925491333,CIFAR10_1,1,PolySHAP-4ADD,863,16,37
0,0.11040115356445312,50.99410796165466,1.8094589710235596,5.888938903808594e-05,52.914026975631714,CIFAR10_1,1,PolySHAP-4ADD,1894,16,37
0,0.21849846839904785,116.87346935272217,3.8277132511138916,5.936622619628906e-05,120.9197404384613,CIFAR10_1,1,PolySHAP-4ADD,4156,16,37
0,0.30045413970947266,254.06963515281677,5.7594358921051025,6.175041198730469e-05,260.12958693504333,CIFAR10_1,1,PolySHAP-4ADD,9117,16,37
0,0.5724477767944336,552.4904136657715,9.799034833908081,5.745887756347656e-05,562.8619537353516,CIFAR10_1,1,PolySHAP-4ADD,20000,16,37
0,0.0014519691467285156,0.27213239669799805,0.030503273010253906,4.291534423828125e-06,0.3040919303894043,CIFAR10_1,1,RegressionMSR,16,16,37
0,0.0017354488372802734,0.9135069847106934,0.03591203689575195,4.76837158203125e-06,0.9511592388153076,CIFAR10_1,1,RegressionMSR,37,16,37
0,0.0030498504638671875,2.5497994422912598,0.04413938522338867,4.5299530029296875e-06,2.5969932079315186,CIFAR10_1,1,RegressionMSR,81,16,37
0,0.0067157745361328125,4.71504807472229,0.045073509216308594,3.814697265625e-06,4.766841173171997,CIFAR10_1,1,RegressionMSR,179,16,37
0,0.010979175567626953,10.144131660461426,0.060620784759521484,4.0531158447265625e-06,10.215735673904419,CIFAR10_1,1,RegressionMSR,393,16,37
0,0.02453446388244629,22.7923583984375,0.08248257637023926,1.2874603271484375e-05,22.899388313293457,CIFAR10_1,1,RegressionMSR,863,16,37
0,0.04678916931152344,52.273926973342896,0.12488317489624023,4.291534423828125e-06,52.44560360908508,CIFAR10_1,1,RegressionMSR,1894,16,37
0,0.12878656387329102,104.79257869720459,0.24253630638122559,4.76837158203125e-06,105.16390633583069,CIFAR10_1,1,RegressionMSR,4156,16,37
0,0.26327967643737793,246.78868317604065,0.5208675861358643,4.5299530029296875e-06,247.5728349685669,CIFAR10_1,1,RegressionMSR,9117,16,37
0,0.47341442108154297,553.8475184440613,0.7750523090362549,4.76837158203125e-06,555.0959899425507,CIFAR10_1,1,RegressionMSR,20000,16,37
0,0.0006067752838134766,0.2607858180999756,0.0002865791320800781,2.6464462280273438e-05,0.2617056369781494,CIFAR10_1,2,LeverageSHAP,16,16,37
0,0.0014019012451171875,0.8961100578308105,0.0003104209899902344,3.218650817871094e-05,0.8978545665740967,CIFAR10_1,2,LeverageSHAP,37,16,37
0,0.002416849136352539,2.0445194244384766,0.0003292560577392578,2.1696090698242188e-05,2.0472872257232666,CIFAR10_1,2,LeverageSHAP,81,16,37
0,0.00527191162109375,5.1398468017578125,0.00039196014404296875,2.288818359375e-05,5.145533561706543,CIFAR10_1,2,LeverageSHAP,179,16,37
0,0.009723663330078125,10.674232482910156,0.00044035911560058594,2.3603439331054688e-05,10.684420108795166,CIFAR10_1,2,LeverageSHAP,393,16,37
0,0.02169060707092285,23.27478575706482,0.0007410049438476562,2.9802322387695312e-05,23.297247171401978,CIFAR10_1,2,LeverageSHAP,863,16,37
0,0.0678858757019043,52.413310289382935,0.0009608268737792969,2.5510787963867188e-05,52.48218250274658,CIFAR10_1,2,LeverageSHAP,1894,16,37
0,0.12695837020874023,116.6144073009491,0.001859426498413086,3.647804260253906e-05,116.74326157569885,CIFAR10_1,2,LeverageSHAP,4156,16,37
0,0.29540395736694336,254.9709439277649,0.0032777786254882812,3.314018249511719e-05,255.26965880393982,CIFAR10_1,2,LeverageSHAP,9117,16,37
0,0.5410492420196533,562.6977248191833,0.006962776184082031,3.790855407714844e-05,563.2457747459412,CIFAR10_1,2,LeverageSHAP,20000,16,37
0,0.001112222671508789,0.3374972343444824,0.0016109943389892578,3.5762786865234375e-05,0.3402562141418457,CIFAR10_1,2,PolySHAP-2ADD,16,16,37
0,0.0013728141784667969,1.020536184310913,0.001959562301635742,2.2172927856445312e-05,1.023890733718872,CIFAR10_1,2,PolySHAP-2ADD,37,16,37
0,0.002480030059814453,2.289597272872925,0.0036725997924804688,2.8848648071289062e-05,2.295778751373291,CIFAR10_1,2,PolySHAP-2ADD,81,16,37
0,0.008797407150268555,5.001413345336914,0.005729198455810547,3.0994415283203125e-05,5.015970945358276,CIFAR10_1,2,PolySHAP-2ADD,179,16,37
0,0.017399072647094727,11.125142335891724,0.008238554000854492,3.266334533691406e-05,11.15081262588501,CIFAR10_1,2,PolySHAP-2ADD,393,16,37
0,0.04654407501220703,24.184536695480347,0.011205911636352539,3.2901763916015625e-05,24.242319583892822,CIFAR10_1,2,PolySHAP-2ADD,863,16,37
0,0.09651064872741699,53.714102029800415,0.018772363662719727,3.933906555175781e-05,53.8294243812561,CIFAR10_1,2,PolySHAP-2ADD,1894,16,37
0,0.179002046585083,114.95182490348816,0.033515214920043945,4.124641418457031e-05,115.16438341140747,CIFAR10_1,2,PolySHAP-2ADD,4156,16,37
0,0.2998783588409424,251.95964932441711,0.07128763198852539,5.7697296142578125e-05,252.33087301254272,CIFAR10_1,2,PolySHAP-2ADD,9117,16,37
0,0.558856725692749,543.0109651088715,0.19430780410766602,6.985664367675781e-05,543.7641994953156,CIFAR10_1,2,PolySHAP-2ADD,20000,16,37
0,0.002740144729614258,0.29801082611083984,0.008549928665161133,3.528594970703125e-05,0.30933618545532227,CIFAR10_1,2,PolySHAP-3ADD,16,16,37
0,0.002819538116455078,1.2225635051727295,0.009650707244873047,3.075599670410156e-05,1.2350645065307617,CIFAR10_1,2,PolySHAP-3ADD,37,16,37
0,0.004727602005004883,2.391667127609253,0.013873100280761719,3.218650817871094e-05,2.4103000164031982,CIFAR10_1,2,PolySHAP-3ADD,81,16,37
0,0.010280370712280273,5.619673252105713,0.02766251564025879,3.552436828613281e-05,5.657651662826538,CIFAR10_1,2,PolySHAP-3ADD,179,16,37
0,0.020923376083374023,11.140469074249268,0.05271029472351074,4.5299530029296875e-05,11.214148044586182,CIFAR10_1,2,PolySHAP-3ADD,393,16,37
0,0.050714969635009766,25.103368997573853,0.11479043960571289,5.8650970458984375e-05,25.268933057785034,CIFAR10_1,2,PolySHAP-3ADD,863,16,37
0,0.09952735900878906,50.118319034576416,0.21681761741638184,6.866455078125e-05,50.43473267555237,CIFAR10_1,2,PolySHAP-3ADD,1894,16,37
0,0.18064665794372559,109.35262084007263,0.45292019844055176,6.818771362304688e-05,109.98625588417053,CIFAR10_1,2,PolySHAP-3ADD,4156,16,37
0,0.33144068717956543,230.51659321784973,0.7504568099975586,6.723403930664062e-05,231.59855794906616,CIFAR10_1,2,PolySHAP-3ADD,9117,16,37
0,0.613039493560791,585.4086236953735,1.412637710571289,7.319450378417969e-05,587.4343740940094,CIFAR10_1,2,PolySHAP-3ADD,20000,16,37
0,0.08756613731384277,0.2670447826385498,0.032262563705444336,4.291534423828125e-05,0.3869163990020752,CIFAR10_1,2,PolySHAP-4ADD,16,16,37
0,0.10165786743164062,0.9534292221069336,0.04100990295410156,4.76837158203125e-05,1.096144676208496,CIFAR10_1,2,PolySHAP-4ADD,37,16,37
0,0.10272741317749023,2.9205963611602783,0.048194169998168945,4.792213439941406e-05,3.071565866470337,CIFAR10_1,2,PolySHAP-4ADD,81,16,37
0,0.10536813735961914,6.248646020889282,0.07279515266418457,5.0067901611328125e-05,6.426859378814697,CIFAR10_1,2,PolySHAP-4ADD,179,16,37
0,0.11481618881225586,12.207044124603271,0.15422892570495605,6.771087646484375e-05,12.476156949996948,CIFAR10_1,2,PolySHAP-4ADD,393,16,37
0,0.13311529159545898,24.895256996154785,0.5534286499023438,7.05718994140625e-05,25.581871509552002,CIFAR10_1,2,PolySHAP-4ADD,863,16,37
0,0.11289286613464355,58.11553120613098,1.7869460582733154,5.8650970458984375e-05,60.0154287815094,CIFAR10_1,2,PolySHAP-4ADD,1894,16,37
0,0.21114563941955566,119.83250713348389,3.8539326190948486,6.532669067382812e-05,123.89765071868896,CIFAR10_1,2,PolySHAP-4ADD,4156,16,37
0,0.36432719230651855,271.7324686050415,5.803752899169922,5.888938903808594e-05,277.900607585907,CIFAR10_1,2,PolySHAP-4ADD,9117,16,37
0,0.6543984413146973,567.4914076328278,9.95580768585205,6.389617919921875e-05,578.1016776561737,CIFAR10_1,2,PolySHAP-4ADD,20000,16,37
0,0.001104593276977539,0.2592027187347412,0.02611255645751953,3.337860107421875e-06,0.2864232063293457,CIFAR10_1,2,RegressionMSR,16,16,37
0,0.0014369487762451172,0.8878698348999023,0.028113603591918945,3.5762786865234375e-06,0.9174239635467529,CIFAR10_1,2,RegressionMSR,37,16,37
0,0.0025339126586914062,2.6396312713623047,0.03237509727478027,4.0531158447265625e-06,2.674544334411621,CIFAR10_1,2,RegressionMSR,81,16,37
0,0.005919456481933594,5.667803525924683,0.04176068305969238,3.814697265625e-06,5.715487480163574,CIFAR10_1,2,RegressionMSR,179,16,37
0,0.011291742324829102,11.753221035003662,0.06220436096191406,4.291534423828125e-06,11.826721429824829,CIFAR10_1,2,RegressionMSR,393,16,37
0,0.02478170394897461,22.78044629096985,0.0839545726776123,5.0067901611328125e-06,22.889187574386597,CIFAR10_1,2,RegressionMSR,863,16,37
0,0.048152923583984375,49.58519220352173,0.12156128883361816,4.5299530029296875e-06,49.754910945892334,CIFAR10_1,2,RegressionMSR,1894,16,37
0,0.12102031707763672,112.06585764884949,0.22504854202270508,5.0067901611328125e-06,112.41193151473999,CIFAR10_1,2,RegressionMSR,4156,16,37
0,0.24161386489868164,244.93722319602966,0.39834070205688477,5.0067901611328125e-06,245.5771827697754,CIFAR10_1,2,RegressionMSR,9117,16,37
0,0.47965478897094727,554.5427794456482,0.7877547740936279,5.0067901611328125e-06,555.8101940155029,CIFAR10_1,2,RegressionMSR,20000,16,37
0,0.0006492137908935547,0.26053428649902344,0.00033593177795410156,3.4332275390625e-05,0.2615537643432617,CIFAR10_1,3,LeverageSHAP,16,16,37
0,0.001348257064819336,0.7804489135742188,0.000293731689453125,2.1696090698242188e-05,0.7821125984191895,CIFAR10_1,3,LeverageSHAP,37,16,37
0,0.002459287643432617,2.269456386566162,0.00030517578125,2.2649765014648438e-05,2.2722434997558594,CIFAR10_1,3,LeverageSHAP,81,16,37
0,0.005678892135620117,5.422973155975342,0.00034117698669433594,2.4318695068359375e-05,5.429017543792725,CIFAR10_1,3,LeverageSHAP,179,16,37
0,0.010365962982177734,11.412167072296143,0.0004172325134277344,2.384185791015625e-05,11.422974109649658,CIFAR10_1,3,LeverageSHAP,393,16,37
0,0.0225067138671875,22.808757543563843,0.0007708072662353516,3.0040740966796875e-05,22.832065105438232,CIFAR10_1,3,LeverageSHAP,863,16,37
0,0.06492900848388672,51.55921196937561,0.0009407997131347656,2.3365020751953125e-05,51.625105142593384,CIFAR10_1,3,LeverageSHAP,1894,16,37
0,0.12005734443664551,113.89858937263489,0.0018610954284667969,3.218650817871094e-05,114.02053999900818,CIFAR10_1,3,LeverageSHAP,4156,16,37
0,0.2980020046234131,250.4010784626007,0.0035049915313720703,3.457069396972656e-05,250.70262002944946,CIFAR10_1,3,LeverageSHAP,9117,16,37
0,0.5578410625457764,545.0472791194916,0.007333993911743164,3.981590270996094e-05,545.6124939918518,CIFAR10_1,3,LeverageSHAP,20000,16,37
0,0.0011913776397705078,0.4456443786621094,0.0015947818756103516,3.0279159545898438e-05,0.44846081733703613,CIFAR10_1,3,PolySHAP-2ADD,16,16,37
0,0.0014519691467285156,0.9862596988677979,0.002075672149658203,2.4080276489257812e-05,0.9898114204406738,CIFAR10_1,3,PolySHAP-2ADD,37,16,37
0,0.002561330795288086,2.1621477603912354,0.003742694854736328,3.1948089599609375e-05,2.1684837341308594,CIFAR10_1,3,PolySHAP-2ADD,81,16,37
0,0.008901119232177734,4.808169841766357,0.005656719207763672,3.147125244140625e-05,4.82275915145874,CIFAR10_1,3,PolySHAP-2ADD,179,16,37
0,0.01794886589050293,11.060048580169678,0.008075952529907227,3.123283386230469e-05,11.08610463142395,CIFAR10_1,3,PolySHAP-2ADD,393,16,37
0,0.0438845157623291,23.591352939605713,0.011502265930175781,3.457069396972656e-05,23.646774291992188,CIFAR10_1,3,PolySHAP-2ADD,863,16,37
0,0.0895986557006836,50.44330883026123,0.017972946166992188,4.506111145019531e-05,50.550925493240356,CIFAR10_1,3,PolySHAP-2ADD,1894,16,37
0,0.1804518699645996,114.60102796554565,0.03396296501159668,4.506111145019531e-05,114.8154878616333,CIFAR10_1,3,PolySHAP-2ADD,4156,16,37
0,0.2952144145965576,243.2976589202881,0.07872414588928223,6.866455078125e-05,243.6716661453247,CIFAR10_1,3,PolySHAP-2ADD,9117,16,37
0,0.613530158996582,533.6802980899811,0.19630050659179688,8.535385131835938e-05,534.4902141094208,CIFAR10_1,3,PolySHAP-2ADD,20000,16,37
0,0.0027980804443359375,0.3070535659790039,0.008547067642211914,3.552436828613281e-05,0.3184342384338379,CIFAR10_1,3,PolySHAP-3ADD,16,16,37
0,0.0029363632202148438,1.157402753829956,0.009771108627319336,2.9087066650390625e-05,1.1701393127441406,CIFAR10_1,3,PolySHAP-3ADD,37,16,37
0,0.004683732986450195,2.6220250129699707,0.01400136947631836,3.5762786865234375e-05,2.6407458782196045,CIFAR10_1,3,PolySHAP-3ADD,81,16,37
0,0.010438203811645508,4.8941779136657715,0.02458477020263672,3.409385681152344e-05,4.929234981536865,CIFAR10_1,3,PolySHAP-3ADD,179,16,37
0,0.02141737937927246,10.944638013839722,0.05411171913146973,5.0067901611328125e-05,11.020217180252075,CIFAR10_1,3,PolySHAP-3ADD,393,16,37
0,0.0550084114074707,25.80105233192444,0.12094569206237793,6.651878356933594e-05,25.977072954177856,CIFAR10_1,3,PolySHAP-3ADD,863,16,37
0,0.100494384765625,51.327866077423096,0.23506522178649902,5.793571472167969e-05,51.66348361968994,CIFAR10_1,3,PolySHAP-3ADD,1894,16,37
0,0.1860044002532959,116.26241755485535,0.45076847076416016,6.866455078125e-05,116.89925909042358,CIFAR10_1,3,PolySHAP-3ADD,4156,16,37
0,0.30689263343811035,251.73586702346802,0.7204694747924805,6.818771362304688e-05,252.76329731941223,CIFAR10_1,3,PolySHAP-3ADD,9117,16,37
0,0.5637881755828857,552.3572096824646,1.4155442714691162,6.985664367675781e-05,554.3366119861603,CIFAR10_1,3,PolySHAP-3ADD,20000,16,37
0,0.08633208274841309,0.261218786239624,0.03467845916748047,4.601478576660156e-05,0.3822753429412842,CIFAR10_1,3,PolySHAP-4ADD,16,16,37
0,0.09977483749389648,0.8036448955535889,0.03891396522521973,4.863739013671875e-05,0.9423823356628418,CIFAR10_1,3,PolySHAP-4ADD,37,16,37
0,0.1016385555267334,2.2488269805908203,0.053116559982299805,5.030632019042969e-05,2.403632402420044,CIFAR10_1,3,PolySHAP-4ADD,81,16,37
0,0.10277915000915527,4.888225555419922,0.10502147674560547,6.604194641113281e-05,5.096092224121094,CIFAR10_1,3,PolySHAP-4ADD,179,16,37
0,0.10762691497802734,10.915525197982788,0.16564726829528809,7.557868957519531e-05,11.188874959945679,CIFAR10_1,3,PolySHAP-4ADD,393,16,37
0,0.12499594688415527,24.5723078250885,0.555640697479248,7.104873657226562e-05,25.253015518188477,CIFAR10_1,3,PolySHAP-4ADD,863,16,37
0,0.11296701431274414,49.896750926971436,1.7955358028411865,6.0558319091796875e-05,51.80531430244446,CIFAR10_1,3,PolySHAP-4ADD,1894,16,37
0,0.22345447540283203,111.53273105621338,3.869443416595459,6.365776062011719e-05,115.62569260597229,CIFAR10_1,3,PolySHAP-4ADD,4156,16,37
0,0.4587557315826416,255.85872793197632,5.839900255203247,6.341934204101562e-05,262.15744733810425,CIFAR10_1,3,PolySHAP-4ADD,9117,16,37
0,0.6063170433044434,544.9921154975891,9.986058712005615,6.151199340820312e-05,555.5845527648926,CIFAR10_1,3,PolySHAP-4ADD,20000,16,37
0,0.0010368824005126953,0.2756814956665039,0.02610921859741211,4.5299530029296875e-06,0.30283212661743164,CIFAR10_1,3,RegressionMSR,16,16,37
0,0.0016720294952392578,1.1611049175262451,0.02868819236755371,3.814697265625e-06,1.1914689540863037,CIFAR10_1,3,RegressionMSR,37,16,37
0,0.0026128292083740234,2.637089729309082,0.03312492370605469,4.0531158447265625e-06,2.6728315353393555,CIFAR10_1,3,RegressionMSR,81,16,37
0,0.005791187286376953,5.605921030044556,0.04698944091796875,4.291534423828125e-06,5.658705949783325,CIFAR10_1,3,RegressionMSR,179,16,37
0,0.011004447937011719,12.032344818115234,0.0597071647644043,3.814697265625e-06,12.103060245513916,CIFAR10_1,3,RegressionMSR,393,16,37
0,0.023005962371826172,25.27520513534546,0.07761430740356445,3.5762786865234375e-06,25.375828981399536,CIFAR10_1,3,RegressionMSR,863,16,37
0,0.04384255409240723,55.82311701774597,0.11512017250061035,4.0531158447265625e-06,55.982083797454834,CIFAR10_1,3,RegressionMSR,1894,16,37
0,0.11490464210510254,114.78606271743774,0.22228217124938965,4.291534423828125e-06,115.12325382232666,CIFAR10_1,3,RegressionMSR,4156,16,37
0,0.23967766761779785,251.61561751365662,0.40114617347717285,9.298324584960938e-06,252.25645065307617,CIFAR10_1,3,RegressionMSR,9117,16,37
0,0.47836971282958984,543.5265696048737,0.8169057369232178,4.5299530029296875e-06,544.8218495845795,CIFAR10_1,3,RegressionMSR,20000,16,37
0,0.00067138671875,0.26390886306762695,0.0002999305725097656,2.6702880859375e-05,0.2649068832397461,CIFAR10_1,4,LeverageSHAP,16,16,37
0,0.0014171600341796875,1.1471843719482422,0.0003600120544433594,2.3126602172851562e-05,1.148984670639038,CIFAR10_1,4,LeverageSHAP,37,16,37
0,0.0025157928466796875,1.9697308540344238,0.00033473968505859375,2.4557113647460938e-05,1.9726059436798096,CIFAR10_1,4,LeverageSHAP,81,16,37
0,0.005576610565185547,4.777642250061035,0.0003838539123535156,2.3603439331054688e-05,4.783626317977905,CIFAR10_1,4,LeverageSHAP,179,16,37
0,0.010360002517700195,10.75172472000122,0.0004584789276123047,2.574920654296875e-05,10.762568950653076,CIFAR10_1,4,LeverageSHAP,393,16,37
0,0.025972604751586914,21.0468430519104,0.0007989406585693359,3.170967102050781e-05,21.073646306991577,CIFAR10_1,4,LeverageSHAP,863,16,37
0,0.06921625137329102,47.88466215133667,0.0010640621185302734,3.0994415283203125e-05,47.954973459243774,CIFAR10_1,4,LeverageSHAP,1894,16,37
0,0.1385030746459961,118.35942721366882,0.0018172264099121094,3.075599670410156e-05,118.49977827072144,CIFAR10_1,4,LeverageSHAP,4156,16,37
0,0.30506277084350586,251.60627222061157,0.0034041404724121094,4.291534423828125e-05,251.91478204727173,CIFAR10_1,4,LeverageSHAP,9117,16,37
0,0.564284086227417,540.4270467758179,0.007113218307495117,3.719329833984375e-05,540.9984812736511,CIFAR10_1,4,LeverageSHAP,20000,16,37
0,0.001150369644165039,0.4505929946899414,0.001627206802368164,2.574920654296875e-05,0.4533963203430176,CIFAR10_1,4,PolySHAP-2ADD,16,16,37
0,0.0014340877532958984,1.0009942054748535,0.002026081085205078,2.47955322265625e-05,1.004479169845581,CIFAR10_1,4,PolySHAP-2ADD,37,16,37
0,0.0026214122772216797,2.2055869102478027,0.0036895275115966797,3.218650817871094e-05,2.2119300365448,CIFAR10_1,4,PolySHAP-2ADD,81,16,37
0,0.00909566879272461,4.88183331489563,0.005722522735595703,3.1948089599609375e-05,4.89668345451355,CIFAR10_1,4,PolySHAP-2ADD,179,16,37
0,0.018116235733032227,10.711123704910278,0.008557319641113281,3.170967102050781e-05,10.737828969955444,CIFAR10_1,4,PolySHAP-2ADD,393,16,37
0,0.044205665588378906,22.75883197784424,0.011389732360839844,3.504753112792969e-05,22.814462423324585,CIFAR10_1,4,PolySHAP-2ADD,863,16,37
0,0.09042525291442871,50.694178104400635,0.018439769744873047,3.4332275390625e-05,50.80307745933533,CIFAR10_1,4,PolySHAP-2ADD,1894,16,37
0,0.1754474639892578,111.5024995803833,0.03433799743652344,4.2438507080078125e-05,111.71232748031616,CIFAR10_1,4,PolySHAP-2ADD,4156,16,37
0,0.3012678623199463,249.06018733978271,0.0726311206817627,5.3882598876953125e-05,249.4341402053833,CIFAR10_1,4,PolySHAP-2ADD,9117,16,37
0,0.5601966381072998,549.6331489086151,0.19426631927490234,7.367134094238281e-05,550.3876855373383,CIFAR10_1,4,PolySHAP-2ADD,20000,16,37
0,0.0025937557220458984,0.32277369499206543,0.008527755737304688,3.647804260253906e-05,0.33393168449401855,CIFAR10_1,4,PolySHAP-3ADD,16,16,37
0,0.002869844436645508,1.0937488079071045,0.009801387786865234,3.24249267578125e-05,1.106452465057373,CIFAR10_1,4,PolySHAP-3ADD,37,16,37
0,0.004769802093505859,2.1962454319000244,0.013890981674194336,3.4332275390625e-05,2.2149405479431152,CIFAR10_1,4,PolySHAP-3ADD,81,16,37
0,0.010349512100219727,4.816958427429199,0.02459239959716797,3.528594970703125e-05,4.851935625076294,CIFAR10_1,4,PolySHAP-3ADD,179,16,37
0,0.020529747009277344,10.590577840805054,0.053193092346191406,4.6253204345703125e-05,10.664346933364868,CIFAR10_1,4,PolySHAP-3ADD,393,16,37
0,0.05060124397277832,23.76175022125244,0.11504697799682617,5.91278076171875e-05,23.927457571029663,CIFAR10_1,4,PolySHAP-3ADD,863,16,37
0,0.09883928298950195,51.67392373085022,0.2470111846923828,7.486343383789062e-05,52.01984906196594,CIFAR10_1,4,PolySHAP-3ADD,1894,16,37
0,0.18284177780151367,114.79526424407959,0.47547078132629395,6.985664367675781e-05,115.45364665985107,CIFAR10_1,4,PolySHAP-3ADD,4156,16,37
0,0.31397438049316406,253.43205666542053,0.7088284492492676,8.082389831542969e-05,254.45494031906128,CIFAR10_1,4,PolySHAP-3ADD,9117,16,37
0,0.5250144004821777,602.7645378112793,1.4200832843780518,7.319450378417969e-05,604.7097086906433,CIFAR10_1,4,PolySHAP-3ADD,20000,16,37
0,0.08759951591491699,0.25643491744995117,0.0325932502746582,4.649162292480469e-05,0.37667417526245117,CIFAR10_1,4,PolySHAP-4ADD,16,16,37
0,0.09998273849487305,0.7568070888519287,0.036643266677856445,4.506111145019531e-05,0.8934781551361084,CIFAR10_1,4,PolySHAP-4ADD,37,16,37
0,0.1007080078125,2.7671854496002197,0.048998117446899414,4.8160552978515625e-05,2.9169397354125977,CIFAR10_1,4,PolySHAP-4ADD,81,16,37
0,0.10452628135681152,6.204617738723755,0.0776364803314209,5.2928924560546875e-05,6.386833429336548,CIFAR10_1,4,PolySHAP-4ADD,179,16,37
0,0.11234116554260254,11.61559009552002,0.15235114097595215,6.818771362304688e-05,11.880350589752197,CIFAR10_1,4,PolySHAP-4ADD,393,16,37
0,0.12718749046325684,25.171605348587036,0.5889573097229004,8.416175842285156e-05,25.887834310531616,CIFAR10_1,4,PolySHAP-4ADD,863,16,37
0,0.1158452033996582,56.867871046066284,1.8082945346832275,6.0558319091796875e-05,58.79207134246826,CIFAR10_1,4,PolySHAP-4ADD,1894,16,37
0,0.21386480331420898,122.94212746620178,3.853886365890503,6.031990051269531e-05,127.009938955307,CIFAR10_1,4,PolySHAP-4ADD,4156,16,37
0,0.36396026611328125,270.91094851493835,5.784684181213379,5.91278076171875e-05,277.05965209007263,CIFAR10_1,4,PolySHAP-4ADD,9117,16,37
0,0.6501572132110596,592.7795860767365,9.889243364334106,6.031990051269531e-05,603.3190469741821,CIFAR10_1,4,PolySHAP-4ADD,20000,16,37
0,0.0012302398681640625,0.2621467113494873,0.03310060501098633,6.67572021484375e-06,0.29648423194885254,CIFAR10_1,4,RegressionMSR,16,16,37
0,0.0019102096557617188,1.270622730255127,0.03236722946166992,4.291534423828125e-06,1.3049044609069824,CIFAR10_1,4,RegressionMSR,37,16,37
0,0.0030100345611572266,2.224212884902954,0.043277740478515625,5.7220458984375e-06,2.2705063819885254,CIFAR10_1,4,RegressionMSR,81,16,37
0,0.006725788116455078,4.706783771514893,0.05443406105041504,4.291534423828125e-06,4.7679479122161865,CIFAR10_1,4,RegressionMSR,179,16,37
0,0.012724637985229492,9.30729627609253,0.06084585189819336,4.5299530029296875e-06,9.380871295928955,CIFAR10_1,4,RegressionMSR,393,16,37
0,0.02469038963317871,22.61617350578308,0.08288455009460449,4.291534423828125e-06,22.723752737045288,CIFAR10_1,4,RegressionMSR,863,16,37
0,0.04728245735168457,51.23803901672363,0.12443709373474121,4.76837158203125e-06,51.40976333618164,CIFAR10_1,4,RegressionMSR,1894,16,37
0,0.11865234375,120.1230251789093,0.21836304664611816,4.0531158447265625e-06,120.46004462242126,CIFAR10_1,4,RegressionMSR,4156,16,37
0,0.23371267318725586,251.96956276893616,0.4171407222747803,4.76837158203125e-06,252.62042093276978,CIFAR10_1,4,RegressionMSR,9117,16,37
0,0.4954037666320801,551.0169379711151,0.9153571128845215,4.291534423828125e-06,552.4277031421661,CIFAR10_1,4,RegressionMSR,20000,16,37
0,0.0006470680236816406,0.263352632522583,0.00029158592224121094,2.4557113647460938e-05,0.2643158435821533,CIFAR10_1,5,LeverageSHAP,16,16,37
0,0.0013556480407714844,0.922642707824707,0.00028824806213378906,2.1457672119140625e-05,0.9243080615997314,CIFAR10_1,5,LeverageSHAP,37,16,37
0,0.0024776458740234375,2.3587703704833984,0.00037026405334472656,3.2901763916015625e-05,2.3616511821746826,CIFAR10_1,5,LeverageSHAP,81,16,37
0,0.005211591720581055,5.227092266082764,0.00038123130798339844,2.384185791015625e-05,5.232708930969238,CIFAR10_1,5,LeverageSHAP,179,16,37
0,0.009996891021728516,10.91179871559143,0.00038814544677734375,2.7418136596679688e-05,10.922211170196533,CIFAR10_1,5,LeverageSHAP,393,16,37
0,0.022211074829101562,23.746893882751465,0.0006392002105712891,2.4080276489257812e-05,23.769768238067627,CIFAR10_1,5,LeverageSHAP,863,16,37
0,0.048281192779541016,53.55128312110901,0.0009336471557617188,2.384185791015625e-05,53.60052180290222,CIFAR10_1,5,LeverageSHAP,1894,16,37
0,0.1332991123199463,122.78705668449402,0.0017817020416259766,3.528594970703125e-05,122.9221727848053,CIFAR10_1,5,LeverageSHAP,4156,16,37
0,0.2975308895111084,257.70818305015564,0.0032367706298828125,3.266334533691406e-05,258.00898337364197,CIFAR10_1,5,LeverageSHAP,9117,16,37
0,0.5477759838104248,578.4503734111786,0.007165670394897461,3.743171691894531e-05,579.0053524971008,CIFAR10_1,5,LeverageSHAP,20000,16,37
0,0.0011522769927978516,0.47553420066833496,0.0016086101531982422,2.4080276489257812e-05,0.4783191680908203,CIFAR10_1,5,PolySHAP-2ADD,16,16,37
0,0.0014116764068603516,1.0620579719543457,0.002010822296142578,2.4080276489257812e-05,1.065504550933838,CIFAR10_1,5,PolySHAP-2ADD,37,16,37
0,0.002489328384399414,2.3530826568603516,0.003595113754272461,3.0040740966796875e-05,2.3591971397399902,CIFAR10_1,5,PolySHAP-2ADD,81,16,37
0,0.008810281753540039,5.208878755569458,0.005574464797973633,3.0994415283203125e-05,5.223294496536255,CIFAR10_1,5,PolySHAP-2ADD,179,16,37
0,0.01822972297668457,11.443736553192139,0.008394002914428711,3.0279159545898438e-05,11.470390558242798,CIFAR10_1,5,PolySHAP-2ADD,393,16,37
0,0.046892404556274414,25.023063898086548,0.011260032653808594,3.3855438232421875e-05,25.081250190734863,CIFAR10_1,5,PolySHAP-2ADD,863,16,37
0,0.09589743614196777,56.37636590003967,0.017881155014038086,3.528594970703125e-05,56.490179777145386,CIFAR10_1,5,PolySHAP-2ADD,1894,16,37
0,0.17755722999572754,123.59902310371399,0.03305673599243164,4.363059997558594e-05,123.80968070030212,CIFAR10_1,5,PolySHAP-2ADD,4156,16,37
0,0.2976057529449463,270.61811900138855,0.07157516479492188,5.698204040527344e-05,270.9873569011688,CIFAR10_1,5,PolySHAP-2ADD,9117,16,37
0,0.5520150661468506,580.3328633308411,0.19599509239196777,8.058547973632812e-05,581.0809540748596,CIFAR10_1,5,PolySHAP-2ADD,20000,16,37
0,0.002860546112060547,0.36263155937194824,0.008115530014038086,3.170967102050781e-05,0.3736393451690674,CIFAR10_1,5,PolySHAP-3ADD,16,16,37
0,0.0027370452880859375,1.07466459274292,0.009581327438354492,3.0517578125e-05,1.0870134830474854,CIFAR10_1,5,PolySHAP-3ADD,37,16,37
0,0.004617214202880859,2.58571195602417,0.013688325881958008,3.0279159545898438e-05,2.6040477752685547,CIFAR10_1,5,PolySHAP-3ADD,81,16,37
0,0.010372161865234375,5.6803483963012695,0.0237734317779541,3.7670135498046875e-05,5.714531660079956,CIFAR10_1,5,PolySHAP-3ADD,179,16,37
0,0.021932363510131836,12.496305704116821,0.05375194549560547,6.008148193359375e-05,12.572050094604492,CIFAR10_1,5,PolySHAP-3ADD,393,16,37
0,0.05359911918640137,24.744617700576782,0.12128329277038574,6.413459777832031e-05,24.919564247131348,CIFAR10_1,5,PolySHAP-3ADD,863,16,37
0,0.10056376457214355,57.06691241264343,0.23252654075622559,7.748603820800781e-05,57.40008020401001,CIFAR10_1,5,PolySHAP-3ADD,1894,16,37
0,0.18262219429016113,122.78630065917969,0.4755363464355469,6.079673767089844e-05,123.44451999664307,CIFAR10_1,5,PolySHAP-3ADD,4156,16,37
0,0.30121779441833496,271.12287640571594,0.7108807563781738,7.200241088867188e-05,272.13504695892334,CIFAR10_1,5,PolySHAP-3ADD,9117,16,37
0,0.5498998165130615,591.9182019233704,1.4167518615722656,7.176399230957031e-05,593.884925365448,CIFAR10_1,5,PolySHAP-3ADD,20000,16,37
0,0.0836644172668457,0.2597196102142334,0.033690452575683594,4.553794860839844e-05,0.3771200180053711,CIFAR10_1,5,PolySHAP-4ADD,16,16,37
0,0.10082054138183594,0.8315060138702393,0.038828372955322266,4.315376281738281e-05,0.9711980819702148,CIFAR10_1,5,PolySHAP-4ADD,37,16,37
0,0.09946608543395996,2.8572919368743896,0.05105328559875488,6.222724914550781e-05,3.00787353515625,CIFAR10_1,5,PolySHAP-4ADD,81,16,37
0,0.10416865348815918,5.4145050048828125,0.08235859870910645,6.031990051269531e-05,5.601092576980591,CIFAR10_1,5,PolySHAP-4ADD,179,16,37
0,0.10872697830200195,12.449745655059814,0.16609406471252441,6.651878356933594e-05,12.72463321685791,CIFAR10_1,5,PolySHAP-4ADD,393,16,37
0,0.12569069862365723,24.574671983718872,0.6557068824768066,7.05718994140625e-05,25.35614013671875,CIFAR10_1,5,PolySHAP-4ADD,863,16,37
0,0.11638927459716797,53.80184769630432,1.897108554840088,6.318092346191406e-05,55.81540870666504,CIFAR10_1,5,PolySHAP-4ADD,1894,16,37
0,0.2280724048614502,120.09197092056274,3.9486966133117676,6.437301635742188e-05,124.26880431175232,CIFAR10_1,5,PolySHAP-4ADD,4156,16,37
0,0.34271979331970215,265.7737166881561,5.8588645458221436,5.507469177246094e-05,271.97535610198975,CIFAR10_1,5,PolySHAP-4ADD,9117,16,37
0,0.5923740863800049,591.9695389270782,10.006422519683838,6.937980651855469e-05,602.5684049129486,CIFAR10_1,5,PolySHAP-4ADD,20000,16,37
0,0.0011849403381347656,0.27820920944213867,0.027445077896118164,3.814697265625e-06,0.3068430423736572,CIFAR10_1,5,RegressionMSR,16,16,37
0,0.0015561580657958984,1.0741913318634033,0.028157949447631836,3.5762786865234375e-06,1.1039090156555176,CIFAR10_1,5,RegressionMSR,37,16,37
0,0.0027332305908203125,2.444761037826538,0.03338956832885742,4.0531158447265625e-06,2.4808878898620605,CIFAR10_1,5,RegressionMSR,81,16,37
0,0.006387233734130859,5.360039949417114,0.042359113693237305,4.0531158447265625e-06,5.408790349960327,CIFAR10_1,5,RegressionMSR,179,16,37
0,0.011748790740966797,11.723371505737305,0.06204724311828613,3.814697265625e-06,11.797171354293823,CIFAR10_1,5,RegressionMSR,393,16,37
0,0.025593280792236328,25.573179483413696,0.08480167388916016,4.291534423828125e-06,25.683578729629517,CIFAR10_1,5,RegressionMSR,863,16,37
0,0.049399614334106445,54.86399745941162,0.12431049346923828,4.76837158203125e-06,55.03771233558655,CIFAR10_1,5,RegressionMSR,1894,16,37
0,0.12216591835021973,121.22514653205872,0.22183704376220703,4.291534423828125e-06,121.56915378570557,CIFAR10_1,5,RegressionMSR,4156,16,37
0,0.24791932106018066,263.4282410144806,0.4169633388519287,4.5299530029296875e-06,264.0931282043457,CIFAR10_1,5,RegressionMSR,9117,16,37
0,0.5004940032958984,577.1376047134399,0.863215446472168,5.0067901611328125e-06,578.5013191699982,CIFAR10_1,5,RegressionMSR,20000,16,37
0,0.0006868839263916016,0.27251362800598145,0.0003066062927246094,3.170967102050781e-05,0.27353882789611816,CIFAR10_1,6,LeverageSHAP,16,16,37
0,0.0014529228210449219,0.9146349430084229,0.0002815723419189453,2.2649765014648438e-05,0.9163920879364014,CIFAR10_1,6,LeverageSHAP,37,16,37
0,0.0025234222412109375,2.2768571376800537,0.00033354759216308594,2.3365020751953125e-05,2.2797374725341797,CIFAR10_1,6,LeverageSHAP,81,16,37
0,0.005690813064575195,5.140159845352173,0.00039505958557128906,2.288818359375e-05,5.146268606185913,CIFAR10_1,6,LeverageSHAP,179,16,37
0,0.010758399963378906,11.762850046157837,0.00045108795166015625,2.4557113647460938e-05,11.774084091186523,CIFAR10_1,6,LeverageSHAP,393,16,37
0,0.023815631866455078,25.25946354866028,0.0007016658782958984,2.574920654296875e-05,25.284006595611572,CIFAR10_1,6,LeverageSHAP,863,16,37
0,0.04574322700500488,57.44355344772339,0.0009634494781494141,3.4332275390625e-05,57.490294456481934,CIFAR10_1,6,LeverageSHAP,1894,16,37
0,0.12424612045288086,124.38205885887146,0.0018160343170166016,3.266334533691406e-05,124.5081536769867,CIFAR10_1,6,LeverageSHAP,4156,16,37
0,0.3042256832122803,276.4111726284027,0.0035386085510253906,3.457069396972656e-05,276.71897149086,CIFAR10_1,6,LeverageSHAP,9117,16,37
0,0.5499234199523926,605.266218662262,0.006990671157836914,4.00543212890625e-05,605.8231728076935,CIFAR10_1,6,LeverageSHAP,20000,16,37
0,0.00119781494140625,0.515385627746582,0.0015263557434082031,2.5510787963867188e-05,0.5181353092193604,CIFAR10_1,6,PolySHAP-2ADD,16,16,37
0,0.0014455318450927734,1.1496751308441162,0.0019423961639404297,2.3603439331054688e-05,1.1530866622924805,CIFAR10_1,6,PolySHAP-2ADD,37,16,37
0,0.0024890899658203125,2.537217140197754,0.003573894500732422,2.9802322387695312e-05,2.5433099269866943,CIFAR10_1,6,PolySHAP-2ADD,81,16,37
0,0.008967876434326172,5.69024920463562,0.00569915771484375,2.9325485229492188e-05,5.7049455642700195,CIFAR10_1,6,PolySHAP-2ADD,179,16,37
0,0.01861095428466797,11.629058837890625,0.008130550384521484,3.0517578125e-05,11.65583086013794,CIFAR10_1,6,PolySHAP-2ADD,393,16,37
0,0.047324180603027344,26.061999797821045,0.011137008666992188,3.409385681152344e-05,26.120495080947876,CIFAR10_1,6,PolySHAP-2ADD,863,16,37
0,0.09882497787475586,59.72933864593506,0.019069671630859375,3.528594970703125e-05,59.84726858139038,CIFAR10_1,6,PolySHAP-2ADD,1894,16,37
0,0.2064201831817627,128.42926454544067,0.032402753829956055,4.220008850097656e-05,128.6681296825409,CIFAR10_1,6,PolySHAP-2ADD,4156,16,37
0,0.2981383800506592,283.9238588809967,0.06960916519165039,5.4836273193359375e-05,284.2916612625122,CIFAR10_1,6,PolySHAP-2ADD,9117,16,37
0,0.5456027984619141,597.021214723587,0.20477509498596191,8.106231689453125e-05,597.7716736793518,CIFAR10_1,6,PolySHAP-2ADD,20000,16,37
0,0.0028905868530273438,0.3119990825653076,0.009999752044677734,3.814697265625e-05,0.32492756843566895,CIFAR10_1,6,PolySHAP-3ADD,16,16,37
0,0.003170490264892578,1.058194637298584,0.010053873062133789,3.075599670410156e-05,1.0714497566223145,CIFAR10_1,6,PolySHAP-3ADD,37,16,37
0,0.005022764205932617,2.5855162143707275,0.014419317245483398,3.218650817871094e-05,2.6049904823303223,CIFAR10_1,6,PolySHAP-3ADD,81,16,37
0,0.010870218276977539,5.714175224304199,0.025049448013305664,3.62396240234375e-05,5.750131130218506,CIFAR10_1,6,PolySHAP-3ADD,179,16,37
0,0.022308826446533203,11.340541362762451,0.05711054801940918,5.269050598144531e-05,11.420013427734375,CIFAR10_1,6,PolySHAP-3ADD,393,16,37
0,0.05961918830871582,25.175620555877686,0.12660717964172363,6.198883056640625e-05,25.36190891265869,CIFAR10_1,6,PolySHAP-3ADD,863,16,37
0,0.10290122032165527,55.455997467041016,0.25771093368530273,6.842613220214844e-05,55.816678047180176,CIFAR10_1,6,PolySHAP-3ADD,1894,16,37
0,0.19171357154846191,123.49069142341614,0.46616625785827637,6.914138793945312e-05,124.14864039421082,CIFAR10_1,6,PolySHAP-3ADD,4156,16,37
0,0.316173791885376,271.83243322372437,0.7417185306549072,7.081031799316406e-05,272.89039635658264,CIFAR10_1,6,PolySHAP-3ADD,9117,16,37
0,0.5732159614562988,593.4913318157196,1.4779791831970215,7.2479248046875e-05,595.542599439621,CIFAR10_1,6,PolySHAP-3ADD,20000,16,37
0,0.08393621444702148,0.25968050956726074,0.035894155502319336,4.7206878662109375e-05,0.37955808639526367,CIFAR10_1,6,PolySHAP-4ADD,16,16,37
0,0.10255122184753418,0.8107748031616211,0.04015851020812988,5.364418029785156e-05,0.953538179397583,CIFAR10_1,6,PolySHAP-4ADD,37,16,37
0,0.10416722297668457,2.3786215782165527,0.05326032638549805,5.2928924560546875e-05,2.536102056503296,CIFAR10_1,6,PolySHAP-4ADD,81,16,37
0,0.10533595085144043,5.515100479125977,0.08605766296386719,6.246566772460938e-05,5.706556558609009,CIFAR10_1,6,PolySHAP-4ADD,179,16,37
0,0.11192893981933594,12.42483639717102,0.19980168342590332,7.510185241699219e-05,12.736642122268677,CIFAR10_1,6,PolySHAP-4ADD,393,16,37
0,0.12761545181274414,24.42716670036316,0.6699552536010742,7.033348083496094e-05,25.224807739257812,CIFAR10_1,6,PolySHAP-4ADD,863,16,37
0,0.11467957496643066,57.40518236160278,1.8449273109436035,7.009506225585938e-05,59.36485934257507,CIFAR10_1,6,PolySHAP-4ADD,1894,16,37
0,0.22392821311950684,124.80610632896423,3.895322561264038,6.29425048828125e-05,128.92542004585266,CIFAR10_1,6,PolySHAP-4ADD,4156,16,37
0,0.33606815338134766,284.08273911476135,5.8130903244018555,6.079673767089844e-05,290.2319583892822,CIFAR10_1,6,PolySHAP-4ADD,9117,16,37
0,0.6503937244415283,613.9300549030304,10.241856813430786,6.985664367675781e-05,624.8223752975464,CIFAR10_1,6,PolySHAP-4ADD,20000,16,37
0,0.0011785030364990234,0.29964470863342285,0.030080795288085938,4.291534423828125e-06,0.33090829849243164,CIFAR10_1,6,RegressionMSR,16,16,37
0,0.0016112327575683594,1.2036595344543457,0.029654264450073242,3.814697265625e-06,1.234928846359253,CIFAR10_1,6,RegressionMSR,37,16,37
0,0.0029180049896240234,2.64984130859375,0.03559994697570801,4.0531158447265625e-06,2.6883633136749268,CIFAR10_1,6,RegressionMSR,81,16,37
0,0.0068492889404296875,5.731163740158081,0.042780160903930664,4.76837158203125e-06,5.780797958374023,CIFAR10_1,6,RegressionMSR,179,16,37
0,0.012126445770263672,11.356813430786133,0.06682467460632324,4.5299530029296875e-06,11.435769081115723,CIFAR10_1,6,RegressionMSR,393,16,37
0,0.027487516403198242,24.504439115524292,0.08960628509521484,5.245208740234375e-06,24.621538162231445,CIFAR10_1,6,RegressionMSR,863,16,37
0,0.05237531661987305,53.269651651382446,0.13563942909240723,5.245208740234375e-06,53.45767164230347,CIFAR10_1,6,RegressionMSR,1894,16,37
0,0.1331479549407959,115.2485716342926,0.24373197555541992,4.76837158203125e-06,115.6254563331604,CIFAR10_1,6,RegressionMSR,4156,16,37
0,0.26557016372680664,273.54779028892517,0.43164587020874023,4.76837158203125e-06,274.2450110912323,CIFAR10_1,6,RegressionMSR,9117,16,37
0,0.5073065757751465,642.8925075531006,0.7910659313201904,4.5299530029296875e-06,644.1908845901489,CIFAR10_1,6,RegressionMSR,20000,16,37
0,0.0006413459777832031,0.2728464603424072,0.00037169456481933594,4.744529724121094e-05,0.273906946182251,CIFAR10_1,7,LeverageSHAP,16,16,37
0,0.0015289783477783203,1.0247914791107178,0.0003218650817871094,2.0742416381835938e-05,1.026663064956665,CIFAR10_1,7,LeverageSHAP,37,16,37
0,0.002461671829223633,2.4437453746795654,0.0003314018249511719,2.288818359375e-05,2.446561336517334,CIFAR10_1,7,LeverageSHAP,81,16,37
0,0.0055217742919921875,5.466925144195557,0.0003521442413330078,2.288818359375e-05,5.472821950912476,CIFAR10_1,7,LeverageSHAP,179,16,37
0,0.009765863418579102,11.178591251373291,0.0004444122314453125,2.3365020751953125e-05,11.188824892044067,CIFAR10_1,7,LeverageSHAP,393,16,37
0,0.02279520034790039,29.827871799468994,0.0007309913635253906,3.62396240234375e-05,29.851434230804443,CIFAR10_1,7,LeverageSHAP,863,16,37
0,0.0007181167602539062,0.23907160758972168,0.002457857131958008,3.4809112548828125e-05,0.24228239059448242,CIFAR10_1,7,LeverageSHAP,16,16,37
0,0.001560211181640625,0.5643942356109619,0.0003027915954589844,2.8848648071289062e-05,0.5662860870361328,CIFAR10_1,7,LeverageSHAP,37,16,37
0,0.002394437789916992,1.2677245140075684,0.000316619873046875,2.6464462280273438e-05,1.2704620361328125,CIFAR10_1,7,LeverageSHAP,81,16,37
0,0.004847526550292969,2.772230625152588,0.0003437995910644531,3.600120544433594e-05,2.7774579524993896,CIFAR10_1,7,LeverageSHAP,179,16,37
0,0.009263277053833008,6.1955366134643555,0.0004379749298095703,3.123283386230469e-05,6.20526909828186,CIFAR10_1,7,LeverageSHAP,393,16,37
0,0.02201986312866211,16.006510972976685,0.0010006427764892578,4.458427429199219e-05,16.029576063156128,CIFAR10_1,7,LeverageSHAP,863,16,37
0,0.0451352596282959,67.65506601333618,0.0009877681732177734,3.552436828613281e-05,67.70122456550598,CIFAR10_1,7,LeverageSHAP,1894,16,37
0,0.12811779975891113,121.5903217792511,0.0025005340576171875,5.793571472167969e-05,121.72099804878235,CIFAR10_1,7,LeverageSHAP,4156,16,37
0,0.3319714069366455,353.0895721912384,0.004447460174560547,4.744529724121094e-05,353.42603850364685,CIFAR10_1,7,LeverageSHAP,9117,16,37
0,0.713207483291626,628.0050704479218,0.007557392120361328,4.8160552978515625e-05,628.7258834838867,CIFAR10_1,7,LeverageSHAP,20000,16,37
0,0.0011441707611083984,0.4678981304168701,0.0016007423400878906,2.4318695068359375e-05,0.47066736221313477,CIFAR10_1,7,PolySHAP-2ADD,16,16,37
0,0.001445770263671875,1.0396769046783447,0.008447408676147461,2.9087066650390625e-05,1.0495991706848145,CIFAR10_1,7,PolySHAP-2ADD,37,16,37
0,0.0024275779724121094,2.275022029876709,0.003989696502685547,3.123283386230469e-05,2.281470537185669,CIFAR10_1,7,PolySHAP-2ADD,81,16,37
0,0.009096145629882812,5.069369792938232,0.006140470504760742,3.0994415283203125e-05,5.084637403488159,CIFAR10_1,7,PolySHAP-2ADD,179,16,37
0,0.018162012100219727,11.559177160263062,0.009941339492797852,3.4332275390625e-05,11.58731484413147,CIFAR10_1,7,PolySHAP-2ADD,393,16,37
0,0.047395944595336914,24.855281591415405,0.011889934539794922,3.504753112792969e-05,24.914602518081665,CIFAR10_1,7,PolySHAP-2ADD,863,16,37
0,0.10201644897460938,54.97385835647583,0.020432472229003906,3.814697265625e-05,55.0963454246521,CIFAR10_1,7,PolySHAP-2ADD,1894,16,37
0,0.1872572898864746,122.64011073112488,0.03545856475830078,4.7206878662109375e-05,122.86287379264832,CIFAR10_1,7,PolySHAP-2ADD,4156,16,37
0,0.3101232051849365,264.79245829582214,0.07816934585571289,5.7697296142578125e-05,265.18080854415894,CIFAR10_1,7,PolySHAP-2ADD,9117,16,37
0,0.5772972106933594,597.1718761920929,0.21956419944763184,7.104873657226562e-05,597.9688086509705,CIFAR10_1,7,PolySHAP-2ADD,20000,16,37
0,0.003036975860595703,0.3606743812561035,0.008993387222290039,4.00543212890625e-05,0.3727447986602783,CIFAR10_1,7,PolySHAP-3ADD,16,16,37
0,0.0029189586639404297,1.0661094188690186,0.010270833969116211,3.123283386230469e-05,1.0793304443359375,CIFAR10_1,7,PolySHAP-3ADD,37,16,37
0,0.00481414794921875,2.5085771083831787,0.01537179946899414,3.886222839355469e-05,2.528801918029785,CIFAR10_1,7,PolySHAP-3ADD,81,16,37
0,0.01097249984741211,5.906530141830444,0.02816295623779297,3.790855407714844e-05,5.945703506469727,CIFAR10_1,7,PolySHAP-3ADD,179,16,37
0,0.022954225540161133,11.58508825302124,0.06238842010498047,5.9604644775390625e-05,11.670490503311157,CIFAR10_1,7,PolySHAP-3ADD,393,16,37
0,0.06294012069702148,26.327532291412354,0.14305520057678223,6.747245788574219e-05,26.533595085144043,CIFAR10_1,7,PolySHAP-3ADD,863,16,37
0,0.1079719066619873,58.91366505622864,0.2320871353149414,6.771087646484375e-05,59.25379180908203,CIFAR10_1,7,PolySHAP-3ADD,1894,16,37
0,0.19905924797058105,127.22462582588196,0.45313119888305664,6.890296936035156e-05,127.87688517570496,CIFAR10_1,7,PolySHAP-3ADD,4156,16,37
0,0.32768678665161133,285.69665336608887,0.7972674369812012,7.224082946777344e-05,286.82167983055115,CIFAR10_1,7,PolySHAP-3ADD,9117,16,37
0,0.5836780071258545,646.5393967628479,1.6214768886566162,6.961822509765625e-05,648.7446212768555,CIFAR10_1,7,PolySHAP-3ADD,20000,16,37
0,0.09020781517028809,0.2709484100341797,0.03923940658569336,5.221366882324219e-05,0.4004478454589844,CIFAR10_1,7,PolySHAP-4ADD,16,16,37
0,0.10049843788146973,1.1098928451538086,0.043537139892578125,5.054473876953125e-05,1.253978967666626,CIFAR10_1,7,PolySHAP-4ADD,37,16,37
0,0.10055255889892578,2.80846905708313,0.060250282287597656,4.649162292480469e-05,2.969318389892578,CIFAR10_1,7,PolySHAP-4ADD,81,16,37
0,0.10735201835632324,6.049632787704468,0.09099984169006348,5.602836608886719e-05,6.248040676116943,CIFAR10_1,7,PolySHAP-4ADD,179,16,37
0,0.11690998077392578,12.350383043289185,0.1836228370666504,6.699562072753906e-05,12.650982856750488,CIFAR10_1,7,PolySHAP-4ADD,393,16,37
0,0.1330249309539795,28.566388607025146,0.5266938209533691,8.106231689453125e-05,29.22618842124939,CIFAR10_1,7,PolySHAP-4ADD,863,16,37
0,0.15455317497253418,66.24588179588318,2.2072064876556396,7.128715515136719e-05,68.6077127456665,CIFAR10_1,7,PolySHAP-4ADD,1894,16,37
0,0.2494945526123047,146.0181143283844,4.684266090393066,6.246566772460938e-05,150.9519374370575,CIFAR10_1,7,PolySHAP-4ADD,4156,16,37
0,0.3712317943572998,316.113694190979,7.045592784881592,6.031990051269531e-05,323.5305790901184,CIFAR10_1,7,PolySHAP-4ADD,9117,16,37
0,0.6753571033477783,698.0873880386353,11.86046552658081,7.271766662597656e-05,710.6232833862305,CIFAR10_1,7,PolySHAP-4ADD,20000,16,37
0,0.0012252330780029297,0.27366113662719727,0.040212392807006836,5.9604644775390625e-06,0.31510472297668457,CIFAR10_1,7,RegressionMSR,16,16,37
0,0.001623392105102539,1.4398550987243652,0.0327143669128418,5.0067901611328125e-06,1.4741978645324707,CIFAR10_1,7,RegressionMSR,37,16,37
0,0.0030646324157714844,2.716876268386841,0.039473772048950195,5.245208740234375e-06,2.7594199180603027,CIFAR10_1,7,RegressionMSR,81,16,37
0,0.0068302154541015625,6.227412223815918,0.048345327377319336,5.4836273193359375e-06,6.282593250274658,CIFAR10_1,7,RegressionMSR,179,16,37
0,0.012946128845214844,12.110561847686768,0.0718071460723877,5.4836273193359375e-06,12.19532060623169,CIFAR10_1,7,RegressionMSR,393,16,37
0,0.028963327407836914,25.96151304244995,0.08563733100891113,4.5299530029296875e-06,26.076118230819702,CIFAR10_1,7,RegressionMSR,863,16,37
0,0.04881763458251953,62.05403780937195,0.12658333778381348,6.198883056640625e-06,62.22944498062134,CIFAR10_1,7,RegressionMSR,1894,16,37
0,0.12621521949768066,144.0287401676178,0.23157024383544922,6.67572021484375e-06,144.38653230667114,CIFAR10_1,7,RegressionMSR,4156,16,37
0,0.2486097812652588,294.391263961792,0.42987895011901855,5.0067901611328125e-06,295.06975769996643,CIFAR10_1,7,RegressionMSR,9117,16,37
0,0.5216984748840332,710.5479772090912,0.8374216556549072,4.291534423828125e-06,711.9071016311646,CIFAR10_1,7,RegressionMSR,20000,16,37
0,0.0007128715515136719,0.262251615524292,0.0003058910369873047,2.7179718017578125e-05,0.26329755783081055,CIFAR10_1,8,LeverageSHAP,16,16,37
0,0.0014700889587402344,0.8494555950164795,0.0003237724304199219,2.4318695068359375e-05,0.851273775100708,CIFAR10_1,8,LeverageSHAP,37,16,37
0,0.002508401870727539,2.5200304985046387,0.0003230571746826172,2.4080276489257812e-05,2.522886037826538,CIFAR10_1,8,LeverageSHAP,81,16,37
0,0.005605459213256836,5.563206434249878,0.0003845691680908203,2.47955322265625e-05,5.569221258163452,CIFAR10_1,8,LeverageSHAP,179,16,37
0,0.010773181915283203,12.284038782119751,0.00043773651123046875,2.6702880859375e-05,12.295276403427124,CIFAR10_1,8,LeverageSHAP,393,16,37
0,0.023943662643432617,29.324573755264282,0.0007305145263671875,2.765655517578125e-05,29.349275588989258,CIFAR10_1,8,LeverageSHAP,863,16,37
0,0.04974079132080078,65.49675488471985,0.0010120868682861328,2.7418136596679688e-05,65.54753518104553,CIFAR10_1,8,LeverageSHAP,1894,16,37
0,0.13330483436584473,149.07122421264648,0.001880645751953125,3.6716461181640625e-05,149.20644640922546,CIFAR10_1,8,LeverageSHAP,4156,16,37
0,0.31334567070007324,317.94560527801514,0.0035583972930908203,5.173683166503906e-05,318.26256108283997,CIFAR10_1,8,LeverageSHAP,9117,16,37
0,0.5776288509368896,688.3291792869568,0.007611513137817383,4.00543212890625e-05,688.9144597053528,CIFAR10_1,8,LeverageSHAP,20000,16,37
0,0.001191854476928711,0.5359435081481934,0.0018155574798583984,2.6226043701171875e-05,0.5389771461486816,CIFAR10_1,8,PolySHAP-2ADD,16,16,37
0,0.0015575885772705078,1.1916515827178955,0.002128124237060547,3.552436828613281e-05,1.1953728199005127,CIFAR10_1,8,PolySHAP-2ADD,37,16,37
0,0.0027930736541748047,2.6458213329315186,0.003979206085205078,3.123283386230469e-05,2.6526248455047607,CIFAR10_1,8,PolySHAP-2ADD,81,16,37
0,0.009575128555297852,5.855219602584839,0.007544040679931641,3.218650817871094e-05,5.872370958328247,CIFAR10_1,8,PolySHAP-2ADD,179,16,37
0,0.01948237419128418,14.907479286193848,0.008644342422485352,3.361701965332031e-05,14.93563961982727,CIFAR10_1,8,PolySHAP-2ADD,393,16,37
0,0.04860711097717285,30.27521848678589,0.013017654418945312,3.504753112792969e-05,30.336878299713135,CIFAR10_1,8,PolySHAP-2ADD,863,16,37
0,0.10553574562072754,66.82869863510132,0.019394874572753906,3.6716461181640625e-05,66.95366597175598,CIFAR10_1,8,PolySHAP-2ADD,1894,16,37
0,0.1926589012145996,144.89030694961548,0.05310845375061035,5.364418029785156e-05,145.136127948761,CIFAR10_1,8,PolySHAP-2ADD,4156,16,37
0,0.3225553035736084,306.8751389980316,0.08152580261230469,5.364418029785156e-05,307.2792737483978,CIFAR10_1,8,PolySHAP-2ADD,9117,16,37
0,0.6232218742370605,659.967931509018,0.21390199661254883,6.890296936035156e-05,660.8051242828369,CIFAR10_1,8,PolySHAP-2ADD,20000,16,37
0,0.0028176307678222656,0.3188796043395996,0.008805274963378906,3.24249267578125e-05,0.3305349349975586,CIFAR10_1,8,PolySHAP-3ADD,16,16,37
0,0.0028753280639648438,1.1981759071350098,0.00992584228515625,3.0279159545898438e-05,1.2110073566436768,CIFAR10_1,8,PolySHAP-3ADD,37,16,37
0,0.004923820495605469,2.7465243339538574,0.016051054000854492,3.361701965332031e-05,2.7675328254699707,CIFAR10_1,8,PolySHAP-3ADD,81,16,37
0,0.010996818542480469,6.578808069229126,0.027100324630737305,3.743171691894531e-05,6.616942644119263,CIFAR10_1,8,PolySHAP-3ADD,179,16,37
0,0.023458480834960938,13.813546419143677,0.059824466705322266,5.7220458984375e-05,13.896886587142944,CIFAR10_1,8,PolySHAP-3ADD,393,16,37
0,0.05753064155578613,32.3865270614624,0.14319300651550293,6.389617919921875e-05,32.58731460571289,CIFAR10_1,8,PolySHAP-3ADD,863,16,37
0,0.10520529747009277,66.46570897102356,0.24971747398376465,7.748603820800781e-05,66.82070922851562,CIFAR10_1,8,PolySHAP-3ADD,1894,16,37
0,0.19281864166259766,153.5984616279602,0.46499204635620117,7.128715515136719e-05,154.25634360313416,CIFAR10_1,8,PolySHAP-3ADD,4156,16,37
0,0.3138866424560547,336.7476375102997,0.792924165725708,7.224082946777344e-05,337.8545205593109,CIFAR10_1,8,PolySHAP-3ADD,9117,16,37
0,0.5824036598205566,730.4361958503723,1.597834825515747,9.036064147949219e-05,732.6165246963501,CIFAR10_1,8,PolySHAP-3ADD,20000,16,37
0,0.08811521530151367,0.2692694664001465,0.03586554527282715,6.29425048828125e-05,0.3933131694793701,CIFAR10_1,8,PolySHAP-4ADD,16,16,37
0,0.10146737098693848,0.9556283950805664,0.04221057891845703,5.125999450683594e-05,1.0993576049804688,CIFAR10_1,8,PolySHAP-4ADD,37,16,37
0,0.10140776634216309,2.7071797847747803,0.056909799575805664,5.316734313964844e-05,2.8655505180358887,CIFAR10_1,8,PolySHAP-4ADD,81,16,37
0,0.10604596138000488,6.264889717102051,0.09354496002197266,7.319450378417969e-05,6.4645538330078125,CIFAR10_1,8,PolySHAP-4ADD,179,16,37
0,0.11258196830749512,16.143178701400757,0.18077945709228516,5.4836273193359375e-05,16.43659496307373,CIFAR10_1,8,PolySHAP-4ADD,393,16,37
0,0.12823939323425293,30.105586051940918,0.6103134155273438,6.794929504394531e-05,30.84420680999756,CIFAR10_1,8,PolySHAP-4ADD,863,16,37
0,0.11686158180236816,66.4905457496643,2.3993985652923584,6.556510925292969e-05,69.00687146186829,CIFAR10_1,8,PolySHAP-4ADD,1894,16,37
0,0.22448205947875977,154.2615258693695,4.835118532180786,6.365776062011719e-05,159.32119011878967,CIFAR10_1,8,PolySHAP-4ADD,4156,16,37
0,0.31658053398132324,329.3503186702728,7.0654988288879395,6.508827209472656e-05,336.7324631214142,CIFAR10_1,8,PolySHAP-4ADD,9117,16,37
0,0.6590471267700195,721.6148958206177,11.660791873931885,7.009506225585938e-05,733.9348049163818,CIFAR10_1,8,PolySHAP-4ADD,20000,16,37
0,0.0012221336364746094,0.2745997905731201,0.030361652374267578,4.5299530029296875e-06,0.30618810653686523,CIFAR10_1,8,RegressionMSR,16,16,37
0,0.0016293525695800781,1.451277256011963,0.0334477424621582,4.5299530029296875e-06,1.486358880996704,CIFAR10_1,8,RegressionMSR,37,16,37
0,0.0030307769775390625,2.7858541011810303,0.039507150650024414,4.291534423828125e-06,2.8283963203430176,CIFAR10_1,8,RegressionMSR,81,16,37
0,0.006854534149169922,6.1081836223602295,0.053971290588378906,5.0067901611328125e-06,6.1690144538879395,CIFAR10_1,8,RegressionMSR,179,16,37
0,0.012948036193847656,13.246265649795532,0.06236696243286133,4.5299530029296875e-06,13.321585178375244,CIFAR10_1,8,RegressionMSR,393,16,37
0,0.025220632553100586,30.511815071105957,0.08447074890136719,4.0531158447265625e-06,30.62151050567627,CIFAR10_1,8,RegressionMSR,863,16,37
0,0.048447608947753906,71.56182360649109,0.12253165245056152,4.5299530029296875e-06,71.73280739784241,CIFAR10_1,8,RegressionMSR,1894,16,37
0,0.12158966064453125,150.79198265075684,0.36385130882263184,4.76837158203125e-06,151.27742838859558,CIFAR10_1,8,RegressionMSR,4156,16,37
0,0.24035000801086426,346.99785327911377,0.4181485176086426,5.0067901611328125e-06,347.65635681152344,CIFAR10_1,8,RegressionMSR,9117,16,37
0,0.5013360977172852,717.6277277469635,0.8299582004547119,5.245208740234375e-06,718.9590272903442,CIFAR10_1,8,RegressionMSR,20000,16,37
0,0.0006947517395019531,0.2626214027404785,0.00031280517578125,2.7418136596679688e-05,0.2636563777923584,CIFAR10_1,9,LeverageSHAP,16,16,37
0,0.0015025138854980469,1.0241529941558838,0.0003159046173095703,2.4080276489257812e-05,1.0259954929351807,CIFAR10_1,9,LeverageSHAP,37,16,37
0,0.0025200843811035156,2.7423667907714844,0.00032329559326171875,3.337860107421875e-05,2.745243549346924,CIFAR10_1,9,LeverageSHAP,81,16,37
0,0.005506753921508789,6.0453150272369385,0.00037288665771484375,2.9087066650390625e-05,6.0512237548828125,CIFAR10_1,9,LeverageSHAP,179,16,37
0,0.010846853256225586,13.254631042480469,0.00044727325439453125,2.5272369384765625e-05,13.265950441360474,CIFAR10_1,9,LeverageSHAP,393,16,37
0,0.024003028869628906,29.99439239501953,0.0007338523864746094,2.7418136596679688e-05,30.01915669441223,CIFAR10_1,9,LeverageSHAP,863,16,37
0,0.04894304275512695,68.15966558456421,0.0009844303131103516,2.7179718017578125e-05,68.20962023735046,CIFAR10_1,9,LeverageSHAP,1894,16,37
0,0.13631319999694824,147.7777500152588,0.0019664764404296875,3.528594970703125e-05,147.91606497764587,CIFAR10_1,9,LeverageSHAP,4156,16,37
0,0.32535362243652344,316.21178436279297,0.0034856796264648438,3.695487976074219e-05,316.5406606197357,CIFAR10_1,9,LeverageSHAP,9117,16,37
0,0.5884296894073486,746.9402916431427,0.007369041442871094,4.100799560546875e-05,747.5361313819885,CIFAR10_1,9,LeverageSHAP,20000,16,37
0,0.0011875629425048828,0.4035818576812744,0.0016410350799560547,2.47955322265625e-05,0.4064352512359619,CIFAR10_1,9,PolySHAP-2ADD,16,16,37
0,0.001542806625366211,1.5094327926635742,0.002138376235961914,2.47955322265625e-05,1.513138771057129,CIFAR10_1,9,PolySHAP-2ADD,37,16,37
0,0.002687692642211914,2.740091323852539,0.003396749496459961,2.8848648071289062e-05,2.7462046146392822,CIFAR10_1,9,PolySHAP-2ADD,81,16,37
0,0.00840306282043457,6.4210381507873535,0.006697893142700195,3.0517578125e-05,6.436169624328613,CIFAR10_1,9,PolySHAP-2ADD,179,16,37
0,0.016825437545776367,17.636688232421875,0.008576631546020508,3.457069396972656e-05,17.66212487220764,CIFAR10_1,9,PolySHAP-2ADD,393,16,37
0,0.05054831504821777,30.398576498031616,0.013214111328125,5.602836608886719e-05,30.462394952774048,CIFAR10_1,9,PolySHAP-2ADD,863,16,37
0,0.1032865047454834,68.82240557670593,0.019350528717041016,4.57763671875e-05,68.94508838653564,CIFAR10_1,9,PolySHAP-2ADD,1894,16,37
0,0.1919412612915039,152.78981566429138,0.035491228103637695,4.553794860839844e-05,153.01729369163513,CIFAR10_1,9,PolySHAP-2ADD,4156,16,37
0,0.31573987007141113,335.8484582901001,0.0767662525177002,5.9604644775390625e-05,336.241024017334,CIFAR10_1,9,PolySHAP-2ADD,9117,16,37
0,0.5748038291931152,732.4689199924469,0.21228313446044922,8.082389831542969e-05,733.2560877799988,CIFAR10_1,9,PolySHAP-2ADD,20000,16,37
0,0.0029027462005615234,0.3970668315887451,0.008605003356933594,3.600120544433594e-05,0.40861058235168457,CIFAR10_1,9,PolySHAP-3ADD,16,16,37
0,0.002994537353515625,1.4582955837249756,0.01005411148071289,3.314018249511719e-05,1.4713773727416992,CIFAR10_1,9,PolySHAP-3ADD,37,16,37
0,0.004849433898925781,2.9974851608276367,0.014940023422241211,3.552436828613281e-05,3.01731014251709,CIFAR10_1,9,PolySHAP-3ADD,81,16,37
0,0.011026859283447266,7.012238502502441,0.03675031661987305,4.172325134277344e-05,7.0600574016571045,CIFAR10_1,9,PolySHAP-3ADD,179,16,37
0,0.023473501205444336,14.989637613296509,0.05770468711853027,5.2928924560546875e-05,15.070868730545044,CIFAR10_1,9,PolySHAP-3ADD,393,16,37
0,0.05400252342224121,31.656689167022705,0.12676143646240234,6.699562072753906e-05,31.837520122528076,CIFAR10_1,9,PolySHAP-3ADD,863,16,37
0,0.10364723205566406,66.04509019851685,0.23181962966918945,6.771087646484375e-05,66.38062477111816,CIFAR10_1,9,PolySHAP-3ADD,1894,16,37
0,0.1908552646636963,151.64726090431213,0.4910874366760254,6.937980651855469e-05,152.32927298545837,CIFAR10_1,9,PolySHAP-3ADD,4156,16,37
0,0.31446170806884766,331.2688059806824,0.8416640758514404,8.177757263183594e-05,332.4250135421753,CIFAR10_1,9,PolySHAP-3ADD,9117,16,37
0,0.5450670719146729,701.7036690711975,1.668720006942749,7.343292236328125e-05,703.9175295829773,CIFAR10_1,9,PolySHAP-3ADD,20000,16,37
0,0.08740758895874023,0.2713134288787842,0.04057598114013672,5.125999450683594e-05,0.39934825897216797,CIFAR10_1,9,PolySHAP-4ADD,16,16,37
0,0.09998917579650879,0.9566409587860107,0.044466495513916016,5.030632019042969e-05,1.101146936416626,CIFAR10_1,9,PolySHAP-4ADD,37,16,37
0,0.10179734230041504,2.968813419342041,0.06299209594726562,4.792213439941406e-05,3.133650779724121,CIFAR10_1,9,PolySHAP-4ADD,81,16,37
0,0.10621356964111328,6.684781074523926,0.12048768997192383,6.580352783203125e-05,6.911548137664795,CIFAR10_1,9,PolySHAP-4ADD,179,16,37
0,0.11463522911071777,12.585235834121704,0.2030961513519287,6.67572021484375e-05,12.903033971786499,CIFAR10_1,9,PolySHAP-4ADD,393,16,37
0,0.1300945281982422,32.10267686843872,0.6381762027740479,0.00010371208190917969,32.87105131149292,CIFAR10_1,9,PolySHAP-4ADD,863,16,37
0,0.12293863296508789,64.83493447303772,2.1983463764190674,6.341934204101562e-05,67.15628290176392,CIFAR10_1,9,PolySHAP-4ADD,1894,16,37
0,0.23204350471496582,146.21818232536316,4.7129034996032715,6.079673767089844e-05,151.16319012641907,CIFAR10_1,9,PolySHAP-4ADD,4156,16,37
0,0.29492902755737305,356.639200925827,6.969104290008545,6.461143493652344e-05,363.9032988548279,CIFAR10_1,9,PolySHAP-4ADD,9117,16,37
0,0.6668403148651123,719.0271151065826,12.409141063690186,9.894371032714844e-05,732.1031954288483,CIFAR10_1,9,PolySHAP-4ADD,20000,16,37
0,0.0011744499206542969,0.27285099029541016,0.030175209045410156,4.76837158203125e-06,0.30420541763305664,CIFAR10_1,9,RegressionMSR,16,16,37
0,0.0016722679138183594,1.725287675857544,0.03276252746582031,4.291534423828125e-06,1.7597267627716064,CIFAR10_1,9,RegressionMSR,37,16,37
0,0.0030832290649414062,2.6445536613464355,0.03901195526123047,4.5299530029296875e-06,2.6866533756256104,CIFAR10_1,9,RegressionMSR,81,16,37
0,0.006766796112060547,6.1112425327301025,0.04639911651611328,4.0531158447265625e-06,6.164412498474121,CIFAR10_1,9,RegressionMSR,179,16,37
0,0.013041973114013672,13.03834843635559,0.07257413864135742,4.291534423828125e-06,13.123968839645386,CIFAR10_1,9,RegressionMSR,393,16,37
0,0.028926610946655273,29.237128257751465,0.0900275707244873,4.5299530029296875e-06,29.35608696937561,CIFAR10_1,9,RegressionMSR,863,16,37
0,0.049916744232177734,66.92687010765076,0.12619376182556152,4.76837158203125e-06,67.10298538208008,CIFAR10_1,9,RegressionMSR,1894,16,37
0,0.12487125396728516,147.34082317352295,0.23490405082702637,5.4836273193359375e-06,147.70060396194458,CIFAR10_1,9,RegressionMSR,4156,16,37
0,0.2546088695526123,349.61252903938293,0.5354511737823486,4.291534423828125e-06,350.4025933742523,CIFAR10_1,9,RegressionMSR,9117,16,37
0,0.4782826900482178,774.9337604045868,0.8211860656738281,5.7220458984375e-06,776.2332348823547,CIFAR10_1,9,RegressionMSR,20000,16,37
